Words,Generalised Spelling
Mootpeeniyea,Moot Peeniya
22,bhai
22g,bhai
aab,aa
aabad,aabad
aabilkul,bilkul
aabroo,bro
aabut,but
aadh,aadha
aadhe,aadhe
aaeh,aae
aafull,full
aaha,aah
aahotelan,hotelan
aakad,aa kad
aakal,aa kal
aakaljug,aa kaljug
aakall,aa kal
aake,aa ke
aakhaas,aa khaas
aakhan,aa khan
aaki,aa ki
aakoi,aa koi
aakuch,aa kuch
aalay,aale
aaley,aale
aalio,aalyo
aalog,aa log
aamunda,aa munda
aanaale,aa naale
aanale,aa naale
aaoaur,aao aur
aaobhagti,aao bhagti
aaokarni,aao karni
aapde,aap de
aapdi,aap di
aaplzz,aa please
aapnaa,aapna
aapnee,aapne
aapny,aapni
aapp,aap
aaps,aap se
aapsab,aap sab
aarabb,aa rabb
aarrthikk,aarthik
aasach,aa sach
aasan,aa san
aaseesa,aa seesa
aashoti,aas hoti
aasoola,aa soola
aassi,assi
aatanawadi,aa tana wadi
aatma,aatma
aatmaa,aatma
aatrue,aa true
aatt,att
aawaheeguru,aa waheguru
aawoo,aawo
abaad,abad
abahut,aa bahut
abhut,aa bahut
abpsanjha,abp sanjha
accunt,account
achy,achi
acount,account
acter,actor
adat,aadat
addmision,admission
adh,aadha
adha,aadha
adhi,aadhi
adress,address
aegod,ae god
affem,afeem
afgani,afgaani
afsoos,afsos
ager,agar
aggay,agge
agr,agar
agya,aa gya
agyi,aa gyi
ahnda,aa hunda
aho,aa ho
ahoo,aa hoo
aida,aa ida
aidi,aa idi
aithhe,aithe
ajay,aje
ajee,aje
ajehe,a jehe
ajehiya,a jehe
ajihde,a jihde
ajjy,ajji
ajkl,ajkal
akadkhor,akad khor
akalk,akal
alea,alea
aleaa,alea
alla,allah
amer,ameer
amir,ameer
amrica,america
amtlb,aa matlab
anchorjai,anchor jai
ancor,anchor
andaz,andaaz
andr,ander
anjan,anjaan
anpar,anpad
anpard,anpad
ansaniiat,insaniat
apky,apki
apnay,apne
apnee,apne
apney,apne
apnii,apni
apniya,apnia
apny,apni
appny,apni
aprail,april
aproch,approach
apuny,apni
ardas,ardaas
ardasa,ardaas
ardass,ardaas
ards,ardaas
arman,armaan
arseholes,asshole
asii,asi
astad,astaad
astard,astaad
astiffaa,astifa
athest,athiest
atusi,a tusi
aukad,aukaat
aukat,aukaat
aukkat,aukaat
avara,avaara
aven,avain
avien,avain
avin,avain
awaaz,awaaj
awaazaan,awaajan
awaj,awaaj
awajaa,awaajan
awaz,awaaj
awein,avain
awgod,aw god
awsome,awesome
baadch,baad ch
baakii,baaki
baattumhe,baat tumhe
babagood,baba good
babavichbachpanawagalsochkanekarda,baba vich bach pana wa gal soch kane karda
bachia,bachian
bachium,bachi um
bachiya,bachian
bachy,bachi
bachyia,bachiya
badalda,badal da
badalde,badal de
badaldi,badal di
badbi,baad bhi
badmaas,badmaash
badmash,badmaash
badmasha,badmaash
badmashchor,badmaash chor
badmasi,badmashi
badnam,badnaam
bahadar,bahadur
bahhut,bahaut
bahot,bahaut
bahout,bahaut
bahut,bahaut
baida,bahi da
baii,bhai
baiji,bhai
baikhalistan,bhai khalistan
bajarang,bajrang
bakawas,bakwaas
bakbash,bakwaas
bakhshe,bakshe
bakki,baki
bakwas,bakwaas
bakwass,bakwaas
balatcar,balatkar
baldav,baldev
balley,balle
banaoo,banao
banayo,banao
bandaa,banda
bandaagg,banda agg
bandadekhyo,banda dekhyo
bandarr,bandar
bandasaala,banda saala
bandavdia,banda vadia
bandda,banda
bandde,bande
bandeia,bandea
bandey,bande
bandeya,bandea
bandovast,bando vast
bandr,bandar
bandra,aa andra
bandya,bandea
bandyai,bandea
banesaanu,bane saanu
baneya,bandea
baniia,bania
bapp,bap
barabr,barabar
bareysirsa,barey sirsa
barwad,barbad
bawasaaleya,bawa saaleya
bchari,bechari
bchaw,bchave
bebkuf,bewakoof
bedagarg,beda gark
behaviouratt,behaviour att
behin,behen
behn,behen
beijjoti,bejti
bejati,bejti
bekar,bekaar
bekhvass,bakwas
bentii,benti
benty,benti
besaram,besharm
beshrm,besharm
besti,bestie
bethabanda,betha banda
betian,betiyan
betiya,betiyan
bevkoof,bewakoof
bevkuff,bewakoof
bewkof,bewakoof
bewkuf,bewakoof
bezti,bezati
beztii,bezati
beztyy,bezati
bgrang,bajrang
bhagwan,bhagwaan
bhagwnt,bhagwant
bhaifrom,bhai from
bhaii,bhai
bhgwan,bhagwaan
bholtejaoge,bholte jaoge
bhonkdaa,bhonkda
bhonkdey,bhonkde
bhounke,bhonke
bibba,biba
bikaar,bekar
bilkl,bilkul
bilkol,bilkul
bilkull,bilkul
billkul,bilkul
bimri,bimari
bizli,bijli
bjay,bjae
bjrng,bajrang
bkvas,bakwaas
bkwaas,bakwaas
bkwas,bakwaas
blemm,blame
bles,bless
bless,bless
blessed,blessed
blessedlove,blessed love
blessing,blessing
blowingbhut,blowing bhut
bnaa,bna
bndaa,bnda
bndda,bnda
bndde,bnde
bndeya,bndea
bndr,bandar
bndrr,bandar
bnn,ban
bodygad,bodyguard
bohindu,bo hindu
boht,bahaut
bohut,bahaut
bolanslya,bolan saleya
boldaodey,bolda ode
boldha,bolda
boleya,bolea
bolna,aa olna
bolnaa,bolna
bolnasanu,bolna saanu
bolyea,bolya
borther,brother
borthers,brothers
bouhat,bahaut
bouht,bahaut
bout,bahaut
braar,brar
brabr,braber
braykup,breakup
breber,braber
broo,bro
brothersada,brother sada
bru,bro
bruv,bro
buhat,bahaut
buht,bahaut
buhut,bahaut
bukvaas,bakwaas
bulkul,bilkul
bulshit,bullshit
buraa,bura
burri,buri
bycot,boycot
bykot,boycot
calass,class
capitan,captain
captan,captain
captian,captain
captin,captain
chahahidiarighttuci,chahidi a right tuci
chaheede,chahida
chahiyey,chahiye
chakr,chakkar
chalke,chal ke
challange,challenge
chanal,channel
chaneel,channel
chanel,channel
changebande,change bande
chanl,channel
chanle,channel
channa,aa hanna
channal,channel
channel,channel
channels,channels
chardikalan,chardikala
chardikalla,chardikala
chardikallah,chardikala
chardikla,chardikala
chauhanwaleya,chauhan waleya
chennal,channel
chennel,channel
chennl,channel
chij,cheej
chijj,cheej
chjj,chj
chnela,channel
chudwaogey,chudwao gey
chutie,chutiya
chutiya,chutiya
chutiyaa,chutiya
chutiyapa,chutiya
chutiye,chutiya
chutya,chutiya
coat,comments
coment,comment
comenta,comments
commantkro,comment karo
commentkapil,comment kapil
commet,comment
contect,contact
conusalr,counsellor
coronabne,corona bne
coronaviras,coronavirus
countrys,countries
daughtersister,daughter sister
dekhdea,dekhde
dekhiea,dekhia
dekhonda,dekh onda
delho,delhi
deparmt,department
derabassi,dera bassi
dhakan,dhakkan
dhanyvaad,dhanyawaad
dialog,dialogue
dialouge,dialogue
dilhit,diljit
dilli,delhi
dilouge,dialogue
dimagg,dimaag
dimak,dimaag
docter,doctor
docterr,doctor
doctra,doctors
dother,daughter
doughter,daughter
dukan,dukaan
dungachutha,dunga chutha
duniaa,dunia
duniea,dunia
duniya,dunia
duniyan,dunia
dunya,dunia
dunyaa,dunia
dushmni,dushmani
dusmani,dushmani
dyan,dyaan
everyoneplz,everyone please
falsebcoz,false because
fark,farak
favorite,favourite
favourate,favourite
fayada,fayda
fayida,fayda
fellinga,feeling
fellings,feelings
fermer,farmer
fikar,fikr
fiker,fikr
filam,film
firdaa,firda
fmily,family
fmlys,families
forgivness,forgiveness
fudda,fuddu
fuddi,fuddu
fuddr,fuddu
fuddu,fuddu
fuddua,fuddu
fudduan,fuddu
fudduo,fuddu
fudduu,fuddu
fudduya,fuddu
fudduyo,fuddu
fude,fuddu
fudhu,fuddu
fudhuaa,fuddu
fudi,fuddu
fudiaa,fuddu
fudoo,fuddu
fudu,fuddu
fudua,fuddu
fudui,fuddu
fuduo,fuddu
fudupuna,fuddu
fudus,fuddu
fudutu,fuddu
fuduu,fuddu
fuduya,fuddu
fuduyo,fuddu
fufar,fuddu
fuhdu,fuddu
fuk,fukra
fukar,fukra
fukerpanti,fukra
fukk,fukra
fukkra,fukra
fukra,fukra
fukraa,fukra
fukre,fukra
fukrey,fukra
fukri,fukra
fukria,fukra
fukriana,fukra
fukrii,fukra
fukrpunaa,fukra
fukrpune,fukra
fukrraa,fukra
fukrrii,fukra
fukry,fukra
fukrya,fukra
fuuddu,fuddu
fuudduu,fuddu
gahintt,ghaint
gangrap,gangrape
gangsta,gangster
gangstar,gangster
gangster,gangster
gangsters,gangster
gangstra,gangster
godbless,god bless
gurdavare,gurudwaara
gurdawara,gurudwaara
gurdawre,gurudwaara
gurdwara,gurudwaara
gurdwaraya,gurudwaara
gurdware,gurudwaara
gurdwaron,gurudwaara
gurdwary,gurudwaara
gurudawaryia,gurudwaara
guruduware,gurudwaara
gurudwara,gurudwaara
gurudware,gurudwaara
gurudwarw,gurudwaara
gusa,gussa
gusaa,gussa
guss,gussa
gussa,gussa
gussaa,gussa
gusse,gussa
guybakavas,guy bakwaas
hahaha,haha
hahahah,haha
hahahaha,haha
hahahahaah,haha
hahahahah,haha
hahahahaha,haha
hahahahahaa,haha
hahahahahaha,haha
hahahahahahahaha,haha
hahahahahahhaa,haha
hahahahahhqha,haha
hahahha,haha
haiaap,hai aap
haiakaal,hai akaal
haicaptn,hai captian
haichaar,hai chaar
haidoosra,hai doosra
haikeve,hai keve
hailokan,hai lokan
haimenu,hai menu
hainaur,hain aur
haipar,hai par
haiplease,hai please
haiwaheguru,hai waheguru
hathiare,hatheyar
hathyar,hatheyar
hazur,hazoor
hazuri,hazoor
hgalat,h galat
hhimmati,h himmati
himmati,himmat
himmet,himmat
himmt,himmat
himmtt,himmat
himt,himmat
hindhu,hindu
hisab,hisaab
hissab,hisaab
hlp,help
hmare,humare
hmasha,humesha
hmesa,humesha
hmesha,humesha
hogafayda,hoga fayda
honaapkithehoaap,hon aap kithe ho aap
hoshla,hosla
hospitalan,hospital
hovegaraab,hove garaab
hraam,haram
hraami,haram
hram,haram
hrami,harami
hramjaade,haramjaade
hramzade,haramjaade
hsptl,hospital
hukam,hukum
hundaa,hunda
hundaah,hunda
hundabaki,hunda baki
hundabut,hunda but
hundakaun,hunda kaun
hundamasoom,hunda masoom
hundeeda,hunde eda
hundelove,hunde love
hundey,hunde
hundeya,hunde
hundi,hundi
hundia,hundi
hundian,hundi
hundiya,hundi
idhr,idhar
ignor,ignore
ijat,ijjat
ijt,ijjat
ikathee,ikathe
ikethe,ikathe
ikhathe,ikathe
ikkathi,ikathe
ilaaz,ilaaj
inbaatoon,in baaton
insan,insaan
insana,insaan
insaniant,insaaniyat
insaniat,insaaniyat
insaniyat,insaaniyat
intervew,interveiw
intervews,interveiw
interview,interveiw
interviewer,interveiw
interviewjonny,interveiw
interviews,interveiw
interviu,interveiw
interwieu,interveiw
intrvw,interveiw
intrwiew,interveiw
isnal,is naal
istemaal,istamal
itervew,interveiw
ithaas,itihaas
itihas,itihaas
jagahwaheguru,jagah waheguru
jandafukri,janda fukri
jarurat,jaroorat
jaruri,jaroori
jarurt,jaroorat
jaruur,jaroor
jathebandiya,jathe bandiya
jaugaasuprbb,jaugaa superb
jecket,jacket
jendabad,jindabad
jhoot,jhooth
jhoota,jhooth
jhooth,jhooth
jhootha,jhooth
jhoothe,jhooth
jhoothi,jhooth
jhoothia,jhooth
jhot,jhooth
jhote,jhooth
jhotth,jhooth
jiada,ji ada
jiadaa,ji adda
jiaundi,ji aundi
jibahut,ji bahaut
jibaki,ji baki
jibut,ji but
jida,ji da
jidan,jidaan
jidhamki,ji dhamki
jindabaad,jindabad
jindabad,jindabad
jindaband,jindabad
jindavaad,jindabad
jindge,jindagi
jindgi,jindagi
jindgiya,jindagi
jiondi,ji ondi
jiondyea,ji ondyea
jioundi,ji oundi
jiowaheguruj,ji waheguruji
jirhe,ji rahe
jmi,jma
jmma,jma
johni,johny
johnny,johny
kinna,kinna
kinnaa,kinna
kinne,kinna
kinni,kinna
kinniya,kinna
kinniyan,kinna
kinnu,kinna
kinu,kinna
kioki,kiok
kion,kio
kionke,kiok
kirpaa,kirpa
kirsan,kisan
kisaan,kisan
kisam,kisan
kisana,kisan
kiseh,kise
kisenemeri,kise ne mei
kisey,kise
kismet,kismat
kiss,kis
kissana,kisan
kisse,kise
kisw,kise
kisy,kise
kitaba,kitab
kitaikk,kita ikk
kitajdo,kita j do
kitaohdo,kita oh do
kitauss,kita uss
kiteh,kita
kitey,kita
kitge,kita
kitha,kita
kithba,kith ba
kithey,kithe
kitho,kithe
kithon,kithe
kithy,kithe
kitia,kiti
kitiaw,kiti
kitigod,kiti god
kitii,kiti
kitiya,kiti
kitna,kitna
kitne,kitna
kitney,kitna
kitni,kitna
kito,kito
kiton,kito
kittaw,kiti aw
kitte,kiti
kitti,kiti
kive,kive
kiven,kive
kiwe,kive
kiwen,kive
kiwy,kive
kiyeanateja,kiya nateja
kiyeo,kio
kiyo,kio
kiyon,kio
kiyuki,kio ki
kkutteya,kute
kl,kal
klank,kalank
klanlk,kalank
kmaal,kamaal
kmal,kamaal
kmjor,kamjor
kmla,kamla
kmman,kamman
kmonda,kamonda
knjr,kanjar
knjra,kanjar
knowlge,knowledge
koae,koe
kochh,koch
kodaa,koda
koee,koe
koei,koe
koi,koe
koldarbar,kol darbar
kom,kaum
koorhe,koorha
koraa,kora
korha,koorha
koro,kora
kosis,koshish
kothewali,kothe wali
koum,kaum
koun,kon
kour,kaur
koura,kaura
koy,koi
koyee,koi
koyi,koi
kpt,kapt
kra,kara
kraa,kara
kraao,kara
krade,kara
krado,kara
kraeo,kara
kragaa,kara
krage,kara
krake,kara
kramat,karamat
kramata,karamat
kranda,karanda
krane,karanda
krange,karanda
krano,karanda
kraunde,karanda
kraya,karanda
kraye,karanda
krda,karanda
krdaa,karanda
krday,karanda
krdee,karanda
krdene,karanda
krdeo,karanda
krdey,karanda
krdi,karanda
krdiya,karanda
krdo,karanda
krdoge,karanda
krdoo,karanda
krdy,karanda
krdya,karanda
krega,karanda
kreiye,karanda
krenge,karanda
kreo,karanda
kreya,karanda
kreyo,karanda
krfo,curfew
kriidaa,kri da
krnaakyu,krna kya
krnahahahahahaj,krna
krnda,krna da
krne,krna
krngia,krna
krni,krna
krniya,krna
kroge,karoge
krohun,karo hun
kroki,karo koi
krokoi,karo koi
krona,corona
krotuhadi,karo tuhadi
krro,karo
krta,karta
krtoota,kartoota
kru,karuga
kruga,karuga
krvaao,karvao
krvao,karvao
krvaon,karvao
krvayi,karvao
krvonde,karvao
krvou,karvao
krwa,karvao
krwan,karvao
krwao,karvao
krwaun,karvao
krwauna,karvao
krwaye,karvao
krwouna,karvao
krwunde,karvao
krya,karvao
kryo,karvao
ksam,kasam
kse,kise
ksoor,kasur
ksur,kasur
ktne,kitne
kucchh,kuch
kuch,kuch
kuchbi,kuch bhi
kuchh,kuch
kuchhkarr,kuch kar
kuddi,kudi
kude,kudi
kudh,kudi
kudia,kudi
kudiea,kudi
kudinu,kudi nu
kudiya,kudi
kudiyaan,kudi
kudiyan,kudi
kudiyawey,kudi
kudya,kudi
kugh,kug
kujj,kug
kujkhud,kug khud
kumm,kaun
kurbaan,kurban
kurban,kurban
kurfu,curfew
kurhi,kudi
kurhiyan,kudi
kuri,kudi
kuriya,kudi
kush,khush
kushali,khush
kushi,khush
kusi,khush
kussa,kusse
kusse,kusse
kuta,kuta
kutaa,kuta
kutayan,kuta
kute,kuta
kutea,kuta
kuteo,kuta
kutey,kuta
kuteya,kuta
kuteyan,kuta
kuteyo,kuta
kuti,kuta
kutia,kuta
kutne,kutt
kutt,kutt
kutta,kuta
kuttaa,kuta
kuttape,kuta
kutte,kuta
kuttea,kuta
kuttekhani,kuta
kutteo,kuta
kuttey,kuta
kutteya,kuta
kutteyo,kuta
kutti,kuta
kuttia,kutt
kuttiya,kutt
kutto,kutt
kutton,kutt
kuttya,kuta
kuttye,kuta
kuttyoo,kuta
kutway,kuta
kutya,kutt
kutye,kutt
kuuttee,kuta
ky,kya
kya,kya
kyaa,kya
kydrat,kudrat
kyha,kya
kym,kam
kyn,kam
kynki,kam
kyo,kyu 
kyoki,kyuki
kyon,kyu
kyonki,kyuki
kyou,kyu
kyu,kyu
kyui,kyu
kyuki,kyuki
kyukii,kyuki
kyun,kyu
kyunki,kyuki
kyuu,kyu
kyy,kyu
labda,labda
labdo,labda
labe,labda
labh,labda
labha,labda
labheya,labda
labhju,labda
labho,labda
labiya,labda
labne,labda
labo,labda
labur,labour
lachnn,lachan
lad,ladai
lada,ladai
ladai,ladai
ladaia,ladai
ladaiya,ladai
ladan,ladai
ladd,ladai
ladde,ladai
ladeya,ladai
ladhna,ladai
ladi,ladai
ladie,ladie
ladies,ladie
ladka,ladka
ladke,ladka
ladki,ladki
ladkiyo,ladki
ladkiyon,ladki
ladko,ladka
ladkon,ladka
ladle,ladai
ladn,ladai
ladna,ladai
lado,ladai
ladonda,ladai
ladve,ladai
ladyi,ladai
lae,lae
laea,lae
laee,lae
lafaz,lafaz
lafj,lafaz
lafza,lafaz
lagada,lagada
lagalat,lagada
lagan,lagada
lagaoo,lagada
lagata,lagada
lagaunde,lagada
lagaur,lagada
lagaye,lagada
lagda,lagada
lagdaa,lagada
lagdai,lagada
lagde,lagada
lagdi,lagada
lagdia,lagada
lagdian,lagada
lagdibabbu,lagada babu
lagdiya,lagada
lagdy,lagada
lagdyan,lagada
lage,lagada
lagea,lagada
lagean,lagada
lagey,lagada
lageya,lagada
lageyak,lagada
lagg,lagada
lagga,lagada
laggda,lagada
lagge,lagada
laggeya,lagada
laggi,lagada
laggisawal,lagada sawaal
laggiya,lagada
laggu,lagada
laggya,lagada
lagh,lagada
lagi,lagada
lagia,lagada
lagian,lagada
lagiya,lagada
lagiyaa,lagada
lagna,lagada
lagnat,lagada
lagne,lagada
lagni,lagada
lagniaa,lagada
lago,lagada
lagoge,lagada
lagoo,lagada
lagta,lagada
lagu,lagada
laguna,lagada
lagya,lagada
lagyan,lagada
lahant,lahanat
lahnat,lahanat
lahnata,lahanat
lahnt,lahanat
lahnta,lahanat
lahoran,lahore
lahore,lahore
laia,lagada
laii,lai
laina,lai
lainda,lai
lainde,lai
laine,lai
laini,lai
lainiyan,lai
lainn,lai
laitu,lai
laiya,lai
laiye,lai
lake,lake
lakh,lakh
lakha,lakh
lakhe,lake
lambi,lambo
lamiyan,lambo
lammbii,lambo
lammi,lambo
lanat,lahanat
land,lan
landoo,landu
landu,landu
landuwa,landu
langda,langda
langde,langda
lanhant,lahanat
lann,lan
lannat,lahant
lanndu,landu
lao,lao
laouna,lao
larkiya,ladki
lataa,latt
latt,latt
lattan,latt
laugh,laugh
laughing,laugh
laun,laun
launaoh,laun
launda,laun
launi,laun
lava,laun
lavange,laun
lavi,lavi
lavy,lavi
layi,layi
layida,layi
layie,layi
layii,layi
layimehsoos,layi mehsoos
layiya,layi
layn,layi
layo,layi
lbhya,labhaya
ld,ladai
lda,ladai
ldaiya,ladai
ldki,ladki
le,le
leader,leader
leaderan,leader
leaders,leader
lean,lean
lee,le
leen,lean
leer,leer
leerr,leer
legendmoosewala,legend mossewala
leh,le
lehh,le
lei,le
leia,le
lein,le
len,le
lenda,lenda
lendapr,lenda par
lende,lenda
lendi,lenda
lene,lenda
leni,lenda
lenn,lenda
leo,lenda
leona,lenda
leondi,lenda
ley,leya
leya,leya
leyaa,leya
leyapar,leya par
leye,leya
leyi,leya
leyidi,leya
leyo,leya
lga,lga
lgaa,lga
lgada,lgda
lgan,lgda
lgao,lgda
lgaya,lgda
lgayi,lgda
lgda,lgda
lgdaa,lgda
lgdareporter,lgda reporter
lgde,lgda
lgdi,lgda
lgdia,lgda
lgdiya,lgda
lgdya,lgda
lge,lgda
lgea,lgda
lgee,lgda
lgeo,lgda
lgeya,lgda
lgeyaa,lgda
lgg,lgda
lgga,lgda
lgge,lgda
lggey,lgda
lggeya,lgda
lggi,lgda
lggna,lgda
lggu,lgda
lghda,lgda
lgi,lgda
lgiya,lgda
lgn,lgda
lgna,lgda
lgne,lgda
lgni,lgda
lgu,lgda
lgwa,lgda
lgya,lgda
liaa,lia
lian,lia
liande,lia
libbrr,liberal
liberal,liberal
life,life
lifee,life
lija,lia
like,like
likeneela,like neela
likes,like
likh,likh
likhan,likh
likhda,likh
likhde,likh
likhe,likh
likhea,likh
likheya,likh
likheyaj,likh aj
likhi,likh
likhia,likh
likhiaand,likh
likhiya,likh
likhiyan,likh
likhn,likh
likhna,likh
likho,likh
likhya,likh
likhyaasi,likh
likya,likh
lindi,lindi
lindy,lindi
line,line
lines,line
liness,line
lip,lip
lips,lip
lita,lite
lite,lite
livel,level
liya,lia
liyai,lia
liyaye,lia
liye,lia
liyer,lia
lke,like
lmbi,lambi
lndu,landu
lng,long
loda,lan
lodd,lan
lode,lan
lodeyaa,lan
lodh,lan
lodhe,lan
lodiye,lan
lodu,lan
log,log
loga,log
logan,log
logey,log
logg,log
logh,log
logo,log
logon,log
lok,log
loka,log
lokaa,log
lokaan,log
lokan,log
lokaya,log
lokbaki,log baki
lokdown,lockdown
loke,log
lokfudu,log fuddu
lokgalat,log galt
loki,log
lokk,log
lokka,log
lokkan,log
lokki,log
loko,log
lokon,log
lol,lol
lolzz,lol
londa,londa
londe,londa
londeya,londa
loodasala,saala
loog,log
look,look
looking,look
looks,look
lor,lor
lord,lor
lorh,lor
lorr,lor
loude,londa
lounda,londa
lounde,londa
lov,love
love,love
loveable,love
loved,love
lovely,love
lrdi,ladki
lrke,ladka
lrr,ladh
lu,love
lub,love
lubb,love
lubu,love you
luck,luck
ludhiana,ludhiana
ludhiane,ludhiana
luk,luck
lund,lan
lungar,langar
lunn,lan
luv,love
luvv,love
lv,love
lya,lai
lyanda,lai
lye,lai
lyee,lai
lyeke,lai
lyf,lai
lyi,lai
lyian,lai
lyii,lai
lyk,like
ma,maa
maa,maa
maab,maa
maada,maada
maade,maa
maadi,maa di
maai,maa
maake,maa ke
maalak,malik
maapeya,maa piyo
maardetempu,maarda tempu
maarhe,maada
maari,maada
maarna,maarna
maarni,maarna
maaro,maarna
maarti,maarna
maasaalla,masala
maawan,maava
machda,mach
machde,mach
machdi,mach
machi,mach
machod,maa chod
mada,maada
madam,maam
maddam,maam
maddeya,maada
maddi,maada
madha,maada
madhrchod,madarchod
madi,maada
mae,mai
maf,maaf
maff,maaf
maffi,maaf
mafh,maaf
magre,magar
mahamantri,maha mantri
mahan,mahaan
mahapurakh,mahapurakh
mahapurash,mahapurakh
mahapursha,mahapurakh
mahar,meher
maharaj,maharaj
maharaja,maharaj
maharajsaamlaat,maharaj ssalamat
mahatma,mahapurakh
maher,meher
mahol,mahaul
mahraaj,maharaj
mahraaz,maharaj
mahraj,maharaj
mai,mai
maill,mail
main,mai
maire,mai
majboor,majboor
majboori,majboor
majbur,majboor
majdoor,majdoor
majdurr,majdoor
majdurra,majdoor
makaqam,makam
makkhu,makhu
malak,malik
malik,malik
malk,malik
malka,malik
mam,maam
mama,mama
mame,mama
mamna,mamana
mana,maana
mand,manda
manda,manda
mandaa,manda
mande,manda
mandey,manda
mandi,mandi
mandia,mandi
mandian,mandi
mang,mang
mangan,mang
mangat,mang
mangawa,mang
mangda,mang
mangde,mang
mange,mang
mangg,mang
mangi,mang
mangli,mang
mango,mang
mangu,mang
mangva,mang
mangvauni,mang
mangya,mang
manjit,manjeet
mankirt,mankirat
mannd,manda
mano,mano
mantria,mantri
mantriya,mantri
manuvadi,manuvadi
manuvadiya,manuvadi
manuwadi,manuvadi
manyo,mano
maoka,moka
maot,maut
mapa,maa piyo
mape,maa piyo
mardeo,mardi
mardi,mardi
mardya,mardi
mare,mardi
marea,mardi
marega,mardi
mareya,mardi
margi,mardi
margiyaa,mardi
margya,mardi
marhi,mardi
marhia,mardi
mariage,marriage
marige,marriage
mariya,mardi
marja,mardi
marjana,mardi
marjandiya,mardi
marjao,marjo
marjo,marjo
marju,marjo
markit,market
marla,marli
marle,marli
marli,marli
marn,marn
marna,marn
marnaa,marn
marne,marn
marnge,marn
marni,marn
marnia,marn
marniya,marn
maro,marn
marpeet,marr peet
marr,marr
marra,marr
marraige,marriage
marri,marr
marriage,marriage
marrlayi,marr
marro,marr
marroge,marr
martabohat,marr bahut
marte,marr
maru,marr
maruga,marr
marvya,marr
marwa,marr
marwande,marr
masage,message
mashhoor,mashur
mashoor,mashur
mashoori,mashur
mathrchod,madarchod
matlabi,matlabi
matlad,matlab
matlave,matlabi
matlb,matlab
matlbi,matlabi
mauff,maaf
maut,maut
mava,maa
mavan,maa
mawa,maa
mawan,maa
mazaak,mazak
mazaaq,mazak
mazak,mazak
mazza,maza
mc,madarchod
meadia,media
meaning,means
means,means
medam,maam
media,media
mediaa,media
mediaam,maam
mediahun,media hun
median,media
mediea,media
medum,maam
mee,me
meeh,mai
meenh,mai
meh,mai
mehar,meher
meher,meher
mehine,mahine
mehmaan,mehman
mehnga,mehnga
mehngia,mehnga
mehngiaa,mehnga
mehnt,mehnat
mehr,meher
mehrvania,meherbani
mei,mai
meinu,mainu
mela,mele
mele,mele
meley,mele
mennu,mainu
menu,mainu
mer,meher
mera,mera
meraa,mera
mere,mera
merea,mera
meri,meri
meria,meri
meriye,meri
merrage,marriage
merw,mera
mhan,mahan
mhentent,mehnat
mhman,mehman
midaal,middle
middle,middle
midea,media
midia,media
mil,milao
mila,milao
milaega,milao
milan,milao
milana,milao
milange,milao
milao,milao
milauna,milao
milayo,milao
milda,milao
milde,milao
mildi,milao
mildia,milao
mildy,milao
mile,milao
milea,milao
milega,milao
milegaa,milao
mileya,milao
milgya,milao
mili,milao
milia,milao
milii,milao
miliye,milao
milje,milao
milke,mil
milla,mil
milldi,mil
million,mil
miln,mil
milna,mil
milnge,mil
milngey,mil
milni,mil
milnya,mil
milo,mil
milu,mil
milya,mil
milyalog,mil log
milyasamshaan,mil shamshan
ministers,minister
mirch,mirchi
mircha,mirchi
mirchan,mirchi
mirchi,mirchi
miss,miss
missing,miss
mitha,mitha
mithe,mitha
mithhe,mitha
mithhia,mitha
mitra,mittar
mitro,mittar
mitta,mittar
mittar,mittar
mja,mazak
mjaa,mazak
mjaak,mazak
mjak,mazak
mjakk,mazak
mjboor,majboor
mjdur,majdoor
mkaan,makaan
mkhol,makhol
mnda,manda
mnde,manda
mndebande,manda banda
mndeequality,mndee quality
mndi,mndee
mngi,mngde
mnnda,manda
mnusmriti,manusmriti
modal,model
modii,modi
modu,modi
mohmmad,mohammad
mohol,mahaul
moorkho,moorkh
mooseaala,moosewala
mooseaale,moosewala
mooseeala,moosewala
moosevale,moosewala
moosewaale,moosewala
moosewala,moosewala
moosewalakutte,moosewala kutta
moosewale,moosewala
moot,moot
mootpeeniyea,moot peeniya
mootpine,moot peeniya
moseala,moosewala
moseewala,moosewala
mosewala,moosewala
mosse,moosewala
mosseala,moosewala
mossewala,moosewala
mossewale,moosewala
mossey,moosewala
mosswala,moosewala
mothers,mother
motian,moti
motivate,motivation
motivatin,motivation
motivation,motivation
motivational,motivation
motti,moti
motu,moti
mouka,mauka
movie,movie
movies,movie
mreya,margeya
mrgya,margeya
mri,margeya
mrja,margeya
mrji,mrje
mrjisade,marje sade
mrna,marna
mrno,marna
mrr,marna
mrva,marna
mrwa,marna
mrwan,marna
mrwauga,marna
mrwayega,marna
msg,message
msj,message
msla,masala
mt,mat
mtlb,matlab
mtlbi,matlab
muaaf,maaf
muaafi,maaf
muafi,maaf
mubarka,mubarak
mudaa,muda
mudagarpajandrupesladaveerjimeranahoa,muda gar paj andru pes lada veerji mera na hoa
mudda,muda
mudde,muda
mude,muda
mudeya,muda
mudhe,muda
mufat,muft
muft,muft
mulajam,mulajam
mulajm,mulajam
mulajma,mulajam
mulazim,mulajam
muljam,mulajam
munda,munda
munday,munda
munde,munda
mundeya,munda
mundia,munda
mundya,munda
murdaa,murda
murkha,murkh
murtiya,murti
musewala,moosewala
mushkila,mushkil
mushklaa,mushkil
muskal,mushkil
muskil,mushkil
muslman,muslim
musse,moosewala
mutar,mut
mutt,mutt
muttr,mutt
muuhh,muuh
muut,mut
mzak,mazak
naal,naal
naali,naal
naalo,naal
naalvakt,naal vakt
naamdaan,naam daan
nae,nae
naee,nae
nagarkeertan,nagar keertan
nagnee,naggni
nagni,naggni
nah,nae
nahe,nae
nahee,nae
nahi,nae
nahifir,nae fer
nahiiss,nae iss
nahin,nae
nahisirf,nae sirf
nai,nae
naii,nae
naiidumb,nae dumb
naiindia,nae india
naikinne,nae ik inne
najaije,najaayej
nakki,nake
nakoddar,nakodar
nali,nale
nall,nal
nalo,nal
nalon,nal
nam,naam
namdan,naam daan
namm,naam
nanakdev,nanak dev
nanga,nang
nange,nang
nangey,nang
nangi,nang
nasamjh,nasamaj
nashe,nasha
nashere,nashedi
nasheri,nashedi
nasheya,nasheya
nashiyan,nasheya
nashya,nasheya
nasib,naseeb
nawa,navi
nawe,navi
nay,navi
nayi,navi
nehi,nahi
nehin,nahi
neki,neke
nelebabe,nele baba
nelevale,nele vale
neriya,nerion
neseeb,naseeb
nesidhu,nae sidhu
nh,nae
nhai,nae
nhe,nae
nhi,nae
nhii,nae
nhiki,nae ki
nhisagon,nae sagon
nhius,nae us
ni,nae
nibabaji,nae babaji
nic,nice
nice,nice
nicee,nice
nifull,nae full
nihang,nihang
nihanga,nihang
nihangha,nihang
nihun,niho
nii,nae
nikalgywa,nikal gyawa
nikalta,nikal
nikke,niki
nikki,niki
nikklea,nikal
nikl,nikal
niklan,nikal
niklani,nikal
niklayeaa,nikal
niklda,nikal
nikle,nikal
niklea,nikal
nila,nila
nile,nele
nindanyog,ninda yog
nivass,niwa
niwa,niwa
niwaan,niwa
niwaas,niwa
niwas,niwa
njaij,najaij
njara,najara
njarahia,najara
njra,najara
nkli,nakli
nmbr,number
nmune,namune
nojawani,nojawan
nojwana,nojawan
nsaaniyat,insaniyat
nsihat,nasiha
nsl,nasal
nuduniya,nu duniya
nuhadd,nu hadd
nuhun,nu hun
nukoi,nu koi
nukro,nu kro
nupainchoda,nu pain choda
nuplz,nu please
nurses,nursa
nusister,nu sister
nuu,nu
nuwaheguru,nu waheguru
ny,nice
nyc,nice
nye,nya
nyi,nya
odoo,odo
officera,officera
ofr,offer
ohdi,ohde
ohdo,ohde
ohee,ohe
ohh,ohe
ohhoo,oh ho
ohii,ohi
ohke,ohka
ohnaa,ohna
ohni,ohne
ohnoo,ohnu
ohnu,ohnu
ohnunu,ohnu
ohoo,oho
ohu,oho
okay,ok
okha,ok hai
okk,ok
olaade,olaad
olad,olaad
onaa,ona
onadi,ona di
onha,ona
onhu,onu
onna,ona
onnu,onu
onu,onu
ooakhouti,akhouti
ooh,oh
open,open
opening,open
opn,open
opriter,operator
orignal,original
osdy,osdi
osm,awesome
oss,os
othe,ote
othhe,ote
oukat,aukat
ousam,awesome
ousnu,osnu
oy,oye
oyee,oye
oyi,oye
paa,pa
paaglon,paagal
paak,pak
paake,pake
paanande,paande
paapan,paap
paawey,paave
pade,pade
padea,pade
padega,pade
padhe,pade
padho,pade
padi,pade
pado,pade
padya,pade
pae,paae
paendi,paen di
pagal,paagal
pagi,paaji
pagl,paagal
pagla,paagal
pahaad,pahad
pahad,pahad
pahada,pahad
pahla,pehla
pahlan,pehla
pahle,pehla
pahnch,pahunch
pahunch,pahunch
pahunchande,pahunch
pahunchauga,pahunch
pahunchegi,pahunch
pahunchi,pahunch
pai,pai
paii,pai
painda,pain da 
paindi,pain di
paindia,pain di
paindiya,pain di
paine,paine
painee,paine
painji,paine
pair,pair
paira,pair
pairr,pair
paisa,paise
paise,paise
paisey,paise
paiseya,paise
paisse,paise
paiya,paise
paji,paji
pajii,paji
pajji,paji
pajjii,paji
pakahndi,pakhandi
pakhand,pakhandi
pakhandi,pakhandi
pakhandvaad,pakhandi
pakhandwaad,pakhandi
pakhdi,pakhandi
pakhndii,pakhandi
pal,paal
palawe,paal
palde,paal
pale,paal
palistaan,pakistan
paliz,please
palla,paal
palle,paal
palti,paal
panchaaiti,panchayat
panchayat,panchayat
pancho,bhenchod
panjaab,punjab
panjab,punjab
panjabi,punjabi
pant,pant
panth,pant
papaluv,papa love
papi,paapi
papiya,paapi
pappiya,paapi
parcah,parcha
parch,parcha
parcha,parcha
parche,parcha
parivaar,parivaar
parivar,parivaar
parivaran,parivaar
pariwar,parivaar
parkaash,prakash
parkash,prakash
parmata,parmatma
parmatama,parmatma
parmatma,parmatma
parnaam,parnam
parnam,parnam
parresh,paresh
parsent,percent
parshaashan,parshashan
parshasan,parshashan
parshashan,parshashan
parwah,parvah
pase,pase
pasea,pase
paseya,pase
pasie,pase
passe,pase
pastonda,pachtaunda
pataa,pata
patandra,patandar
patandro,patandar
patarkaar,patarkaar
patarkar,patarkaar
patarkara,patarkaar
paterkar,patarkaar
pathar,pathar
patharan,pathar
pathra,pathar
pathran,pathar
patiala,patiala
patiale,patiala
patient,patients
patients,patients
patrakar,patarkaar
patrkar,patarkaar
patsa,patshah
patsah,patshah
patshah,patshah
pattarkar,patarkaar
patthar,pathar
paundagreeb,paunda gareeb
paunde,paunde
paundi,paunde
paune,paunde
pavee,pave
paviter,pavitar
pawe,pave
pawegengstarglockbomb,pave gangster glock bomb
payar,pyaar
payasciencedemocracy,paya science democracy
paye,paye
payea,paye
payeai,paye
payee,paye
payi,paye
payie,paye
payr,pyaar
pazi,paji
pdega,padega
peanchod,bhenchod
peeleya,peela
peende,peenda
peeneya,peene
peeni,peene
peenya,peene
pehchaan,pehchan
pehechan,pehchan
pehla,pehla
pehlaa,pehla
pehlan,pehla
pehlay,pehla
pehle,pehla
pehli,pehla
pehlwana,pehlwan
pehnji,pehne
pehno,pehne
peise,paise
pen,bhen
pencho,bhenchod
penchod,bhenchod
penchoda,bhenchod
penchodaa,bhenchod
penchoddeya,bhenchod
penchode,bhenchod
penchodo,bhenchod
penchoo,bhenchod
pencoda,bhenchod
penda,bhenchod
pende,bhenchod
pendi,bhenchod
penge,pehne
peni,pehne
penji,pehne
peo,piyo
permanent,permanent
permish,parmish
personthey,personality
pesa,paisa
pese,paisa
pesea,paisa
pesy,paisa
petaa,peta
peydq,peyda
peye,peye
peyi,peye
peyn,pehne
peyo,piyo
pgl,paagal
ph9,phone
phanchod,bhenchod
pharmacy,pharmacy
phaty,phate
pheen,pehne
phela,pahela
phele,pahela
phen,pehne
phencho,bhenchod
phla,pahela
phle,pahela
phli,pahela
phn,phone
phone,phone
photos,photo
phr,phir
phuch,phuch
phudaa,phuch
phudda,phuch
phuddu,phuch
phukra,fukra
phunchgi,phuch
phunchy,phuch
piase,paise
pic,picture
piche,picha
pichey,picha
pichhe,picha
pieo,piyo
pigadeya,piga diya
pihla,pahela
pindan,pinda
pindra,bhindrawale
pindrawala,bhindrawale
pini,pine
pinjab,punjab
pishee,pishe
pishla,pichala
pistel,pistal
pistol,pistal
pitey,pita
pitta,pita
pittey,pita
piyaar,pyaar
piyar,pyaar
piye,piya
piyo,piya
piyoo,piya
pkand,pakhand
pkhandi,pakhand
plg,please
pliz,please
plle,pahela
pls,please
plss,please
plus,please
plz,please
plzz,please
pnchoda,bhenchod
pnchodaa,bhenchod
pnga,panga
pnge,panga
pnisment,punishment
pnjab,punjab
poems,poem
polic,police
police,police
politic,politics
political,politics
politician,politics
politicians,politics
politics,politics
ponchi,ponchh
ponkde,ponkde
ponki,ponkde
ponko,ponkde
poolice,police
poora,poora
poore,poora
poori,poora
posting,post
pounda,pounda
pounde,pounda
poundea,pounda
poynday,pounda
pp,ppe
ppl,people
ppr,paper
pr,per
pra,brah
praavrr,parivar
pracharak,parcharak
pranaam,parnaam
prcha,parche
prche,parche
preasani,pareshani
preh,brah
presan,pareshan
preshani,pareshani
prestitute,prostitue
prkash,parkash
prnaam,parnaam
problem,problem
problems,problem
profession,profession
professionally,profession
professionals,profession
prove,prove
proved,prove
prson,person
prvarr,parivar
prwah,brah
psand,pasand
pse,pasisa
psea,pasia
pta,pata
ptaa,pata
ptandar,patandar
ptander,prove
ptatndar,prove
ptrkar,patrakaar
publiciti,publicity
publicity,publicity
publicly,publicity
puchda,puchda
puchde,puchda
puchdi,puchda
pucheya,puchda
puchh,puchda
puchhange,puchda
puchhda,puchda
puchhde,puchda
puchhe,puchda
puchhida,puchda
puchi,puchda
puchide,puchda
puchna,puchda
puchne,puchda
puchni,puchda
pucho,puchda
puchu,puchda
puchya,puchda
pujab,punjab
pujegaohna,pujega ohna
pumpkrda,pump krda
punab,punjab
punjabia,punjabian
punjabiaan,punjabian
punjabian,punjabian
punjabiat,punjabian
punjabio,punjabian
punjabiya,punjabian
punjabiyan,punjabian
punjabiyat,punjabiyat
punjabiyt,punjabiyat
punjanbiyat,punjabiyat
punjb,punjab
punjbi,punjabi
purey,pure
puri,pure
purja,purja
purje,purja
purmote,promote
pusde,puchde
pushda,puchda
pushe,puche
pusheo,puche
pushi,puche
pushlo,puche
pusho,puche
pushu,puche
pusshu,puche
puthe,puthi
puthi,puthi
putt,putt
puttan,putt
puttar,putt
putter,putt
puttraa,putt
pvaya,pvaya
pwaye,pvaya
pwitar,pavitar
pyar,pyaar
pyara,pyaara
pyare,pyaara
pyarr,pyaar
pye,paisa
pyea,paisa
pyo,piyo
pyr,pyaar
pyrr,pyaar
pysa,paisa
quarantine,quarantine
quarteen,quarantine
questionohna,question ohna
quistion,question
qustion,question
raa,ra
raab,rab
raaba,rabba
rab,rab
raba,rabba
rabb,rab
rabba,rabba
rabh,rarb
rabrahka,rab rakha
radha,radha
radhaa,rahda
radhasoami,radhasoami
radhaswami,radhasoami
radhsawamiji,radhasoami
rag,raag
ragi,raagi
rahaa,raha
rahaan,raha
rahiplz,rahi please
rahobaba,raho baba
raj,raaj
rajputa,rajputa
rajputaa,rajputa
rajputana,rajputa
rajstan,rajasthan
rakhamenu,rakha menu
rakhangod,rakhan god
rakhdeupro,rakhde upro
rakheyagallan,rakheya gallan
rakhke,rakhi
rakhn,rakhan
rakhna,rakhana
rakhohora,rakhoh ora
rakhvale,rakhwali
rakhwali,rakhwali
rakhy,rakhi
rakhyeaa,rakhi esa
rakhysister,rakhi sister
ramdass,ramdas
rammi,rmai
ranbaxyforty,ranbaxy forty
randaha,randhawe
randhawe,randhawe
rang,rang
ranga,rang
rangan,rang
ranged,rang
rani,raani
ranjit,ranjeet
ranjitbawa,ranjeet bawa
ranjitdageet,ranjeet da geet
rasta,rasta
raste,rasta
ray,ray
raye,ray
rayee,ray
raz,raaz
raza,razza
rbb,rab
real,real
reality,real
realty,real
realy,really
redha,red ha
reellife,reel life
reha,reha
rehaa,reha
rehh,reh
rehii,rehi
rehn,rehan
rehna,rehana
rehnde,rehndi
rehndi,rehndi
rehne,rehni
rehni,rehni
rekhe,rekhi
rekhi,rekhi
relative,relatives
relatives,relatives
releted,related
religion,religion
religions,religion
religoin,religion
remove,remove
removed,remove
rendajere,renda jere
reporterbaki,reporter baaki
reporters,reporter
repoter,reporter
repotr,reporter
reprter,reporter
reyaa,reya
rhaaess,rha ess
rhafuddu,rha fudu
rhee,rhe
rhendeej,rhe deej
rhgya,rahgya
rhings,rings
rhna,rahana
rhndi,rahandi
ripoter,reporter
rishikapoor,rishi kapoor
rispect,respect
ristadar,rishtedaar
rkh,rakh
rkha,rakh
rkhage,rakh
rkhan,rakh
rkhda,rakh
rkhde,rakh
rkhe,rakh
rkheya,rakh
rkheyo,rakh
rkhni,rakh
rkhnn,rakh
rkho,rakh
rkhogod,rakh
rkhu,rakh
rkhya,rakh
rkhyo,rakh
rockss,rock
rokan,rok
rokda,rok
roki,rok
rokna,rok
ronde,rondi
rondi,rondi
rooh,roo
roophunde,roop hunde
roti,roti
rotia,roti
rotii,roti
rotiyan,roti
roty,roti
roundi,rondi
rovo,rovo
rowo,rovo
roz,roz
rozz,roz
rpeat,repeat
rply,reply
rukda,rukhde
rukhde,rukhde
rukvan,rukwa
rukwa,rukwa
rulde,rulde
ruldi,rulde
rumaal,rumal
rumal,rumal
rupaiya,rupaiya
rupay,rupaiya
rupaye,rupaiya
rupe,rupaiya
rupee,rupaiya
rupees,rupaiya
ruppees,rupaiya
ruppess,rupaiya
ruuh,ruh
rva,rva
rwa,rva
rwerabba,rwe rabba
rya,rya
ryaa,rya
rye,rye
ryi,rye
sa,sa
saa,sa
saabelly,saa belly
saabji,sabji
saada,saada
saadaa,saada
saaddaa,saada
saade,saade
saadey,saade
saadi,saade
saadiya,saade
saadya,saade
saahmne,saamne
saala,saala
saalaa,saala
saale,saala
saalea,saala
saaleo,saala
saaleya,saala
saaleyo,saaleyo
saaliya,saaliya
saallaa,saala
saaly,saali
saalyan,saaliya
saalyo,saaleyo
saanti,shanti
saarea,saarea
saarean,saarea
saareya,saarea
sabapneibotapichaenebolrahahan,sab apni vote pichae ne bol raha han
sabb,sab
sabh,sab
sabhi,sabe
sabit,saabit
sabtu,sab tu
sacca,saccha
sacch,saccha
saccha,saccha
sacchaai,saccha
sacchiya,saccha
sacha,saccha
sachai,saccha
sachaii,saccha
sachayi,saccha
sache,saccha
sachepatsh,sache patshah
sachha,saccha
sachhai,saccha
sachi,saccha
sachia,saccha
sachian,saccha
sachii,saccha
sachiya,sachiya
sachiyan,sachiya
sachmuch,sach much
sachye,sachiya
sacrife,sacrifice
sada,saada
sadde,sadi
saddi,sadi
saddy,sadi
sade,sadi
sadee,sadi
sadi,sadi
sadii,sadi
sadiya,sadi
sadiyan,sadi
sadke,sadke
sadky,sadke
sady,sadi
safai,safai
safal,safai
sahaab,sahaab
sahab,sahaab
sahaib,sahaab
saharay,sahai
sahb,sahaab
saheb,sahaab
sahib,sahaab
sahiba,sahaab
sahibjade,sahib jade
sahmnaa,sahmne
sahmne,sahmne
saii,sai
sakda,sakda
sakdaa,sakda
sakdaabhai, sakda bhai
sakday,sakda
sakdean,sakde an
sakdefaltu,sakde faltu
sakdevarna,sakde varna
sakdi,sakde
sakhht,sakht
sakht,sakht
sala,sala
salaa,sala
salachupreh,sala chup reh
salamap,slam ap
salamossewala,sala moosewala
salatuhade,sala tuh ade
salaya,salaye
salaye,salaye
salea,salea
saleaa,salea
salean,salea
saleh,sale
saleo,sale
saleoo,sale
saley,sale
saleya,salea
saleyaa,salea
saleyan,salea
saleyo,salea
salia,salea
saliya,salea
saliyaa,salea
salla,sala
sallaa,sala
sallam,salam
salle,sale
sallee,sale
sallemootpinekutekanjar,sale moot pine kute kanjar
salleyo,salea
salli,sale
salliya,salea
salliyaan,salea
salo,salea
saluit,salute
salut,salute
salute,salute
saly,sale
salya,salea
salyaa,salea
salyeo,salea
salyo,salea
samaaz,samaaj
samaj,samaaj
samajda,samajda
samajh,samaaj
samajhda,samajda
samajta,samajda
samaz,samaaj
sambaal,sambaal
sambea,sambea
sambhal,sambaal
sambhya,sambea
sambl,sambaal
samhne,samne
samj,samaaj
samjahn,samjan
samjan,samjan
samjda,samajda
samjde,samajda
samjdea,samajda
samjdeprcha,samajda parcha
samjha,samjan
samjhe,samjan
samjheya,samjan
samjhna,samjan
samjho,samjan
samjn,samjan
samjo,samjan
samjoo,samjan
sammana,samna
sammne,samna
samna,samna
samne,samna
sangarsh,sangarsh
sanghi,sangi
sangi,sangi
sangrash,sangarsh
sannu,sannu
sannuu,sannu
sano,sannu
sansaar,sanskaar
sansakr,sanskaar
sansar,sanskaar
sanskaar,sanskaar
sanskar,sanskaar
sant,sant
santa,sant
santan,sant
santizer,sanitizer
sanu,sannu
sarabansdanuya,sarbansdaniya
saraha,saara
sarakar,sarkar
sarbansfaniya,sarbansdaniya
sarda,sarda
sardar,sardar
sardara,sardar
sarde,sarda
sarea,sarea
sarean,sarea
sarey,sarea
sareya,sarea
sareyan,sarea
sargaya,sarda
sargoda,sargoda
sargodha,sargoda
sarhdy,sarda
sarhe,sarhe
sari,sarhe
sarkaar,sarkar
sarkaari,sarkar
sarkar,sarkar
sarkara,sarkar
sarkargande,sarkar gande
sarkari,sarkar
sarkarkuti,sarkar kutti
sarkra,sarkar
saroop,saroop
saroopa,saroop
sarre,sarre
sarrea,sarre
sarrya,sarre
sarsa,sarsa
sarse,sarsa
saskaar,sanskaar
saskar,sanskaar
sasrikal,satsriakal
satgur,satguru
satguru,satguru
satikar,satkar
satkar,satkar
satshiri,satshriakaal
satshiriakaal,satshriakaal
satsriakal,satshriakaal
satssng,satsang
sau,sau
saun,sau
saymate,say mate
saza,saza
sazyaa,saza
sbb,sb
sbh,sb
sbto,sb
scchai,sch
scche,sch
sch,sch
scha,sch
schai,sch
sche,sch
schhe,sch
schi,sch
schia,sch
schian,sch
schiia,sch
schiya,sch
schiyo,sch
school,school
schoolan,school
schools,school
script,script
scripted,script
sda,sda
sdaa,sda
sdeaa,sda
seaana,seana
seana,seana
secourty,security
security,security
sedh,sedh
sedhe,sedh
seduloveu,sidhu love you
seen,seen
seens,seen
seeraa,seera
seerateni,serra te ni
sehamt,sehmat
sehmat,sehmat
sehmti,sehmat
sehna,sehna
sehnae,sehna
serasa,sirsa
sespend,suspend
sett,set
setusikke,set usi ke
sevadaran,sevadar
sevader,sevadar
sewadar,sevadar
sfai,safai
sfal,safal
shaadi,shaadi
shabad,shabad
shabd,shabad
shaddi,shaadi
shade,shaadi
shadi,shaadi
shaheeda,shaheeda
shaheedan,shaheeda
shahid,shaheeda
shair,shair
shairoo,shair
shakal,shakal
shakel,shakal
shakl,shako
shako,shako
shardhaalu,shardhaalu
shardhalu,shardhaalu
sharmagod,sharma god
shavindermalvinder,shavinder malvinder
shayad,shayd
shayd,shayd
sheed,shaheeda
sheeda,shaheeda
sher,sher
shera,sher
shere,sher
sherni,sher
sherniye,sher
sherr,sher
sherra,sher
shib,sahib
shidu,sidhu
shii,shi
shiv,shiv
shiveling,shivling
shivji,shiv
shivling,shivling
shkl,sakal
shootouta,shoot out
showoff,showoff
showoof,showoff
shrab,shrab
shraba,shrab
shreaam,shre ram
shream,shre ram
shreeaam,shre ram
shri,shre
shromani,shiromini
shromni,shiromini
siaani,siaani
siana,siaani
sibut,sabut
sich,sach
sicha,sach
siddhu,sidhu
sidhoomossewala,sidhu moosewala
sidhumoosewala,sidhu moosewala
sidu,sidhu
sierra,sira
siga,siga
sigga,siga
siggaa,siga
sihdu,sidhu
sii,si
siirra,sira
sikha,sikha
sikhan,sikha
sikhana,sikha
sikhao,sikha
sikhate,sikha
sikhaunday,sikha
sikhaya,sikha
sikhe,sikha
sikhen,sikha
sikheya,sikha
sikhia,sikha
simi,simi
simmi,simi
simran,simran
simranjeet,simranjeet
simranjit,simranjeet
simrn,simran
sindhu,sidhu
singa,singa
singaa,singa
singae,singa
singar,singer
singe,singer
singer,singer
singera,singer
singers,singer
singga,singha
singha,singha
singhaa,singha
singhae,singha
singhparchee,singh paracha
singpura,singh pura
singr,singer
singra,singer
singran,singer
sinnga,singha
sinngaa,singha
sins,sin
sipunjab,si punjab
sira,sira
siraa,sira
siraahyranjit,sira hai ranjit
siraawe,sira
siray,sira
sire,sira
sirg,sir ji
siri,sir ji
sirj,sir ji
sirr,sir
sirra,sira
sirraa,sira
sirre,sira
sirree,sira
sirreree,sira
sis,sister
sisbhot,sister bhot
sisenna,sister enna
sistar,sister
sistem,system
sister,sister
sisterjeonde,sister jeonde
sisters,sister
sistertuhanu,sister tuhanu
sistr,sister
siswaheguru,sister waheguru
sja,saja
sjja,saja
skda,sakda
skdafr,sakda fer
skdajaggu,sakda jaggu
skde,sakda
skdi,sakda
skejionde,ske jeonde
skills,skill
skl,sakal
skta,sakta
sla,sala
slaa,sala
slaam,salaam
slam,salaam
slamt,salaamat
sluit,salute
slut,salute
slute,salute
sluth,salute
sma,samaa
smaaj,samaaj
smaj,samaj
sman,saman
smartii,smart
smj,samajh
smja,samajh
smjaan,samajh
smjao,samajh
smjda,samajh
smjdar,samajh
smjde,samajh
smje,samajh
smjh,samajh
smjha,samajh
smjhaya,samajh
smjhe,samajh
smjhn,samajh
smjho,samajh
smjo,samajh
smjya,samajh
smoth,smooth
smzeo,samajh
sngt,sangat
snirmal,nirmal
snu,sanu
soccho,soch
soch,soch
socha,soch
sochan,soch
sochaoo,soch
sochbohat,soch bohat
sochda,soch
sochde,soch
soche,soch
socheya,soch
sochiya,soch
sochn,soch
sochna,soch
socho,soch
sochya,soch
societyallah,society allah
soda,soda
sodha,soda
sodi,soda
sohco,socho
sohna,sohna
sohnaa,sohna
sohne,sohna
sohni,sohna
solove,solve
solve,solve
somaiji,soami
songparmatma,song parmatma
sons,son
sonya,soniyo
sonyea,soniyo
sooch,soch
soorma,soorma
soormya,soorma
sound,sound
sounds,sound
spahii,sipahi
spech,speech
sposer,sponser
sr,sir
sra,sira
sromni,shiromini
srover,sarover
sry,sorry
ssala,sala
statement,statements
statements,statements
suami,soami
subedaar,subedaar
subedar,subedaar
subscribe,subscribe
subscribed,subscribe
sucha,such
suchh,such
suchi,suchi
suchii,suchi
sudhar,sudar
sudharan,sudar
sudharna,sudar
sudher,sudar
sudhr,sudar
sudhroge,sudar
sudr,sudar
suhkr,shukar
sukar,shukar
sukhamiss,sukha miss
sukhe,sukhe
sukhei,sukhe
sukhhe,sukhe
sukhi,sukhe
sukhmani,sukhmani
sukhmni,sukhmani
sukht,sakht
sukkhe,sukhe
sukriya,shukriya
sulate,salute
sulut,salute
sumat,sumat
sumatt,sumat
suna,suna
sunan,suna
sunayea,sunia
sunde,sunde
sundi,sunde
sunea,sunea
suneya,sunea
sunga,sununga
sunia,sunia
suniaan,sunia
sunke,sunke
sunkey,sunke
sunkwe,sunke
sunn,sun
sunnya,sunia
suno,suno
sunon,suno
sunya,sunia
supar,super
super,super
superb,super
superbbindia,super india
suport,support
support,support
supporte,support
supporting,support
surag,suraj
suraj,suraj
sutt,sutt
sutta,sutt
svad,svad
svalo,svalo
svarag,svarag
swaal,svalo
swad,svad
swal,svalo
swala,svalo
swarg,svarag
swmi,swami
taa,ta
taaha,ta
taddy,tade
tade,tade
tadi,tade
tady,tade
tahadi,tahadi
tahde,tahadi
tahe,tahi
tahi,tahi
tai,tahi
tairi,taiyar
taiyar,taiyar
takat,takat
takhat,takat
takkar,takkar
takkr,takkar
taksaal,taksaal
taksaala,taksaal
taksal,taksaal
taksalai,taksaal
taksali,taksaal
taksalia,taksaal
taksaliya,taksaal
talent,talent
talented,talent
talk,talk
talks,talk
tameez,tameez
tamiz,tameez
tandrustee,tandrusti
tandrusti,tandrusti
tanh,tan
tankhah,tankhah
tankhaha,tankhah
tann,tan
tapp,tap
tarah,tarah
taraha,tarah
taraki,taraki
tarakki,taraki
tareeka,tareekh
tareekh,tareekh
tarekh,tareekh
tarika,tareekh
tariki,tarkkiyaan
tarikke,tareekh
tarkeyan,tarkkiyaan
tarki,tarkkiyaan
tarkkiyaan,tarkkiyaan
tarrakiya,tarkkiyaan
tati,tati
tatte,tati
tatti,tati
tatto,tatto
tattoo,tatto
tattu,tatto
taunt,taut
taut,taut
tbbr,tabbar
tbhi,tabhi
teare,tere
teenu,tenu
tegreeb,te gareeb
teh,te
teinu,tenu
tempo,tempu
tempu,tempu
tempuya,tempu
tensan,tension
tenshn,tension
tension,tension
tention,tension
teraa,tera
teraake,tera ki
terabb,te rab
terebt,tere bt
terei,tere
terey,tere
teri,tere
teriaan,tere
teriya,tere
teriyan,tere
terr,tere
tery,tere
teryan,tere
tetho,teton
teton,teton
tha,tha
thaa,tha
thade,thade
thadi,thade
thak,thak
thakk,thak
thale,thale
thali,thali
thalle,thale
thalli,thali
thand,thand
thanda,thand
thandd,thand
thande,thand
thank,thanks
thanks,thanks
thanku,thanks
thanu,tuhanu
thanx,thanks
thapad,thapad
thapde,thapad
tharike,tarike
tharki,taraki
thde,thdi
thdi,thdi
theater,theatre
theatre,theatre
theeka,theke
thekedaar,thekedaar
thekedaaran,thekedaar
thenx,thanks
theyre,there
thik,thik
thika,thik
thikk,thik
thkuuwaheguru,thanks waheguru
thnkss,thanks
thnx,thanks
thnxs,thanks
thoade,thoade
thoadi,thoade
thoda,thoade
thoday,thoade
thodd,thoade
thodda,thoade
thodde,thoade
thode,thoade
thodehr,thoade har
thodeya,thoade
thodi,thoade
thodia,thoade
thodiya,thoade
thohada,thoade
thohadi,thoade
thokda,thokda
thokdo,thokda
thokna,thokda
thoko,thokda
thokobakki,thok baaki
thokta,thokda
thokungi,thokda
thono,thonu
thonu,thonu
thonukhush,thonu khush
thonurabba,thonu rab
thore,thora
thori,thora
thorri,thora
thoudi,thoudi
thouhadi,thoudi
thounu,thoudi
thuada,thoade
thuade,thoade
thuadi,thoade
thuadiya,thoade
thuanu,thoade
thuda,thoade
thude,thoade
thuhade,thoade
thuhadi,thoade
thuhanuu,thoade
thuje,thoade
thunu,thoade
thuwdi,thoade
tibetan,tibbayan
tidd,tid
timd,time
tkk,tk
tmasha,tamasha
tnsun,tension
tnu,tenu
todeya,thoade
todhi,thoade
tohada,thoade
tohadde,thoade
tohade,thoade
tohadi,thoade
tohadii,thoade
tohanu,thoade
tohbhai,toh bhai
tohdi,thoade
tohhmare,toh mare
tohndu,thoade
tohnu,thoade
toka,toka
tokaa,toka
tokha,toka
tomahre,tomhare
tomhare,tomhare
tompuu,tampu
tpasia,tapaya
trakhi,tarakiyan
traki,tarakiyan
trakiyan,tarakiyan
trakki,tarakiyan
tramadol,taramadol
tramodol,taramadol
treatmentmeri,treatment meri
treeka,tareeka
treekh,traaekh
trekh,traaekh
tremadol,taramadol
trendsetter,trend setter
truki,taraki
tsmiz,tameez
tuadi,tuhada
tuahdi,tuhada
tuc,tuc
tucc,tuc
tuch,tuc
tuci,tuc
tucii,tuc
tudi,tuhadi
tuese,tuc
tuh,tu
tuhaade,thoade
tuhaadi,tuhadi
tuhaanu,tuhanu
tuhadai,tuhadi
tuhaday,thoade
tuhadda,thoade
tuhaddi,thoade
tuhade,thoade
tuhadey,thoade
tuhadhe,thoade
tuhadiaa,thoade
tuhadiya,tuhadi
tuhadiyaa,tuhadi
tuhadiyan,tuhadi
tuhady,tuhadi
tuhannu,tuhanu
tuhanu,tuhanu
tuhanuso,tuhanu so
tuhaunu,tuhanu
tuhda,thoade
tuhde,tuhde
tuhdi,tuhde
tuhdia,tuhde
tuhdiya,tuhdia
tuhnu,tuhanu
tujadi,tuhde
tujhe,tujhe
tujhse,tujhe
tumarle,tu marle
tumhati,tumharah
tunne,tune
tunu,tenu
turde,turde
ture,turde
turja,turde
turjaparche, turde parcha
tusach,tu sach
tusalya,tu sala
tusay,tuc
tuse,tuc
tusi,tuc
tusii,tuc
tusimenu,tuc menu
tusitere,tuc tere
tusituhade,tuc thoade
tusiwaheguru,tuc waheguru
tussi,tuc
tusy,tu
tuteykanjra,tute kanjra
tutian,tute
tutiya,tute
tuu,tu
tuvi,tuc
tuwdey,thoada
twaade,thoada
twaadi,thoada
twadde,thoada
twade,thoada
twadhe,thoada
twadi,thoada
twanu,thoada
twdi,thoada
tym,time
uc,uchi
ucchi,uchi
uchh,uchi
uchhal,uchi
uchi,uchi
ud,ud
uda,ud
udaa,ud
udandi,ud
udaran,ud
udd,ud
udhar,udhar
udharan,udhar
udhr,udhar
uhde,uhde
uhdi,uhde
uhh,uh
ukaad,aukaad
ukat,aukaad
umar,umar
umara,umar
umaran,umar
umer,umar
ummahlove,ummah love
ummar,umar
umr,umar
umra,umar
umraan,umar
unfollow,unfollow
unfolwo,unfollow
ungal,ungal
ungla,ungal
unglan,ungal
ungli,ungal
universities,university
university,university
uperfer,uper fer
upload,upload
uplod,upload
uppar,upar
upper,upar
uppro,upar
upr,upar
upro,upar
uproon,upar
uprr,upar
uraya,ure
ure,ure
usda,usda
usdaa,usda
usde,usda
uska,uska
uske,uska
usko,uska
usnae,usney
usney,usney
usno,usney
usnu,usney
usny,usney
usse,ussi
ussi,ussi
ustaad,ustaad
ustad,ustaad
ustadd,ustaad
ustime,uss time
ute,ute
uth,ute
uthe,ute
utheya,ute
uthke,ute
utne,ute
utubers,youtubers
uu,uu
uuhh,uu
uumay,uu
uuppar,upar
va,va
vaa,va
vaad,vaad
vaadd,vaad
vaala,vaala
vaale,vaala
vaalyo,vaala
vaangu,vaang
vadda,vada
vadde,vadde
vaddey,vadde
vade,vadde
vadea,vadea
vadeya,vadea
vadh,vadd
vadha,vada
vadhe,vadde
vadhheo,vadde
vadhia,vadhia
vadhiya,vadhia
vadhiyaa,vadhia
vadhya,vadhia
vadia,vadhia
vadiaa,vadhia
vadian,vadhia
vadiya,vadhia
vadiyaa,vadhia
vadya,vadhia
vaee,vae
vahdajiona,vahda jeona
vaisakhi,vaisakhi
vaisaskhi,vaisakhi
vajjehantushi,vaje han tuc
vajo,vajo
valao,vala
vale,vala
valeya,vala
valeyo,vala
valia,valia
valian,valia
valiya,valia
valiyo,valia
valla,vala
valo,vala
valon,vala
vapis,vapas
varga,varga
varge,varga
vargey,varga
vargi,varga
vargite,varga
varihahaha,vari
varii,vari
varius,virus
vartanda,vartao
vartao,vartao
vartda,vartao
varus,virus
vasda,vasda
vasde,vasda
vassde,vasda
vasta,vasta
vastay,vasta
vaste,vasta
vastey,vasta
vastte,vasta
vchari,bechari
vda,vda
vdaa,vda
vdda,vda
vdde,vda
vddi,vda
vde,vda
vdhiya,vadhiya
vdia,vadhiya
vdiaa,vadhiya
vdiaan,vadhiya
vdian,vadhiya
vdiya,vadhiya
vdiyabut,vadhiya bhot
vdiyadidi,vadhiya didi
vdya,vadhiya
vdyua,vadhiya
veaas,beas
vedio,video
veer,veer
veera,veer
veeray,veer
veere,veer
veerechannel,veer channel
veeree,veer
veereya,veer
veerji,veer
veerkat,veer
veero,veer
veeroo,veer
veery,veer
veikh,vekh
vekh,vekh
vekhan,vekh
vekhde,vekh
vekhe,vekh
vekheya,vekh
vekhi,vekh
vekhikujh,vekh
vekhio,vekh
vekhiya,vekh
vekhlo,vekh
vekhna,vekh
vekho,vekh
vekhosharm,vekh sharm
vekhsagde,vekh
vekhya,vekh
vekhyo,vekh
velkhlii,vekh
verginity,virginity
verr,veer
verre,veer
verry,very
vich,vich
vicha,vich
vichaar,vichar
vichar,vichar
vichara,vichare
vichare,vichare
vicharey,vichare
vichehh,vich
vichey,vich
vichh,vich
vichjdo,vich jdo
vicho,vich
videoaa,video
videomind,video mind
videoo,video
videos,video
vidio,video
viedo,video
view,views
viewer,views
views,views
viha,viya
vikaas,vikas
vikdi,vikhdi
vira,veer
virae,veer
viras,virus
vire,veer
viree,veer
virey,veer
virodh,virod
virraan,veer
virre,veer
virud,virus
virudh,virod
vishawash,vishwaas
vishvas,vishwaas
vishwaas,vishwaas
vishwas,vishwaas
visvas,vishwaas
visvash,vishwaas
viswash,vishwaas
vivaad,vivad
vivad,vivad
vota,vote
vote,vote
votes,vote
vrga,vrga
vrge,vrga
vrgi,vrga
vrgia,vrga
vrgiyea,vrga
vrgye,vrga
vrodh,virodh
vyah,viah
waal,waal
waala,waal
waale,waal
waalean,waal
waaley,waal
waaleya,waal
wachak,vachak
wadayi,vadhaiyan
wadda,wadda
wadde,wadda
waddi,wadda
waddia,vadhaiyan
wade,wadda
wadha,wadda
wadhaiyan,vadhaiyan
wadhia,vadhaiyan
wadiya,vadhaiyan
wageguru,waheguru
wagehuru,waheguru
wahaguru,waheguru
wahbetateredardsineawichjakhemderaheamerenallikgalkardardadicallpunjabijattpunjab,wah beta tere dard sinea wich jakhem dera he amere nall ik gal kar darda di call punjabi jatt punjab
wahegrur,waheguru
waheguru,waheguru
waheguruji,waheguru
wahegurukirpakare,waheguru kirpa kare
waheguruu,waheguru
waheguruwaheguruwaheguruwaheguruwaheguruwahegurukirpakresdakhushrkhe,waheguru kirpa kare ta khush rakhe
wahiguru,waheguru
waise,waise
waisey,waise
wake,wake
wakh,wakh
walay,walay
walaya,walay
walea,walay
waleai,walay
walean,walay
waleo,walay
waley,walay
waleya,walay
waleyan,walay
waleyo,walay
wali,walay
walia,walay
walibutoh,walay bohut
walieo,walay
walio,walay
waliya,walay
waliyo,walay
wall,walay
walla,walay
wallay,walay
walle,walay
walleye,walay
wallo,walay
walo,walay
waloo,walay
waly,walay
walya,walay
walyan,walay
walyo,walay
walyy,walay
wango,wango
wangr,wango
wangu,wango
warga,warga
warge,warga
wargea,warga
wargey,warga
wargi,warga
wargia,warga
wargy,warga
wargya,warga
wasda,wasda
wasday,wasda
wastay,waste
waste,waste
wastea,waste
wasty,waste
wdia,vadhiya
wdiya,vadhiya
webkuf,bewakoof
wehaguru,weheguru
weheguru,weheguru
weldone,well done
whateverethe,what ever the
wheaguru,waheguru
wheyguru,waheguru
wichh,vich
widwa,vidwa
wikn,win
wjah,wajah
wmk,waheguru mehar kare
wmkji,waheguru mehar kare
womenlife,women life
wqle,wale
wrga,varga
wrge,varga
yaadkar,yaad kar
yaarian,yaarian
yaariyan,yaarian
yad,yaad
yada,yaad
yadgaar,yaadgaar
yadwinder,yaadwinder
yahan,yah
yaki,yakeen
yakin,yakeen
yari,yaari
yarr,yaar
yarri,yaari
yary,yaari
yatri,yaatra
youre,your
yousister,you sister
youthodi,youth odi
youu,you
yr,yaar
yrkaran,yaar karan
yrr,yaar
zabardast,jabardast
zabardasti,jabardasti
zabrdast,jabardast
zada,jyaada
zadda,jyaada
zameen,jameen
zameeno,jameen
zameer,jameer
zande,jande
zarmaana,jurmaana
zaroor,jaroor
zaror,jaroor
zarurat,jarurat
zayada,jyaada
ziada,jyaada
zidan,jida
zindaabad,jindabad
zindabaad,jindabad
zindabad,jindabad
zindadilli,jindabad
zindagi,jindabad
zindavad,jindabad
zindawad,jindabad
zindgi,jindagi
zindgia,jindagi
zindhgi,jindagi
zma,jma
zmeen,jameen
zmeena,jameen
zmi,jma
znania,jnaneya
zor,jor
zroor,zaroor
zroorat,zaroorat
zrur,zaroor
zulm,julm
zundabaad,jindabad
zyada,jyada
zyda,jyada
22,bhai
22g,bhai
aab,aa
aabad,aabad
aabilkul,bilkul
aabroo,bro
aabut,but
aadh,aadha
aadhe,aadhe
aaeh,aae
aafull,full
aaha,aah
aahotelan,hotelan
aakad,aa kad
aakal,aa kal
aakaljug,aa kaljug
aakall,aa kal
aake,aa ke
aakhaas,aa khaas
aakhan,aa khan
aaki,aa ki
aakoi,aa koi
aakuch,aa kuch
aalay,aale
aaley,aale
aalio,aalyo
aalog,aa log
aamunda,aa munda
aanaale,aa naale
aanale,aa naale
aaoaur,aao aur
aaobhagti,aao bhagti
aaokarni,aao karni
aapde,aap de
aapdi,aap di
aaplzz,aa please
aapnaa,aapna
aapnee,aapne
aapny,aapni
aapp,aap
aaps,aap se
aapsab,aap sab
aarabb,aa rabb
aarrthikk,aarthik
aasach,aa sach
aasan,aa san
aaseesa,aa seesa
aashoti,aas hoti
aasoola,aa soola
aassi,assi
aatanawadi,aa tana wadi
aatma,aatma
aatmaa,aatma
aatrue,aa true
aatt,att
aawaheeguru,aa waheguru
aawoo,aawo
abaad,abad
abahut,aa bahut
abhut,aa bahut
abpsanjha,abp sanjha
accunt,account
achy,achi
acount,account
acter,actor
adat,aadat
addmision,admission
adh,aadha
adha,aadha
adhi,aadhi
adress,address
aegod,ae god
affem,afeem
afgani,afgaani
afsoos,afsos
ager,agar
aggay,agge
agr,agar
agya,aa gya
agyi,aa gyi
ahnda,aa hunda
aho,aa ho
ahoo,aa hoo
aida,aa ida
aidi,aa idi
aithhe,aithe
ajay,aje
ajee,aje
ajehe,a jehe
ajehiya,a jehe
ajihde,a jihde
ajjy,ajji
ajkl,ajkal
akadkhor,akad khor
akalk,akal
alea,alea
aleaa,alea
alla,allah
amer,ameer
amir,ameer
amrica,america
amtlb,aa matlab
anchorjai,anchor jai
ancor,anchor
andaz,andaaz
andr,ander
anjan,anjaan
anpar,anpad
anpard,anpad
ansaniiat,insaniat
apky,apki
apnay,apne
apnee,apne
apney,apne
apnii,apni
apniya,apnia
apny,apni
appny,apni
aprail,april
aproch,approach
apuny,apni
ardas,ardaas
ardasa,ardaas
ardass,ardaas
ards,ardaas
arman,armaan
arseholes,asshole
asii,asi
astad,astaad
astard,astaad
astiffaa,astifa
athest,athiest
atusi,a tusi
aukad,aukaat
aukat,aukaat
aukkat,aukaat
avara,avaara
aven,avain
avien,avain
avin,avain
awaaz,awaaj
awaazaan,awaajan
awaj,awaaj
awajaa,awaajan
awaz,awaaj
awein,avain
awgod,aw god
awsome,awesome
baadch,baad ch
baakii,baaki
baattumhe,baat tumhe
babagood,baba good
babavichbachpanawagalsochkanekarda,baba vich bach pana wa gal soch kane karda
bachia,bachian
bachium,bachi um
bachiya,bachian
bachy,bachi
bachyia,bachiya
badalda,badal da
badalde,badal de
badaldi,badal di
badbi,baad bhi
badmaas,badmaash
badmash,badmaash
badmasha,badmaash
badmashchor,badmaash chor
badmasi,badmashi
badnam,badnaam
bahadar,bahadur
bahhut,bahaut
bahot,bahaut
bahout,bahaut
bahut,bahaut
baida,bahi da
baii,bhai
baiji,bhai
baikhalistan,bhai khalistan
bajarang,bajrang
bakawas,bakwaas
bakbash,bakwaas
bakhshe,bakshe
bakki,baki
bakwas,bakwaas
bakwass,bakwaas
balatcar,balatkar
baldav,baldev
balley,balle
banaoo,banao
banayo,banao
bandaa,banda
bandaagg,banda agg
bandadekhyo,banda dekhyo
bandarr,bandar
bandasaala,banda saala
bandavdia,banda vadia
bandda,banda
bandde,bande
bandeia,bandea
bandey,bande
bandeya,bandea
bandovast,bando vast
bandr,bandar
bandra,aa andra
bandya,bandea
bandyai,bandea
banesaanu,bane saanu
baneya,bandea
baniia,bania
bapp,bap
barabr,barabar
bareysirsa,barey sirsa
barwad,barbad
bawasaaleya,bawa saaleya
bchari,bechari
bchaw,bchave
bebkuf,bewakoof
bedagarg,beda gark
behaviouratt,behaviour att
behin,behen
behn,behen
beijjoti,bejti
bejati,bejti
bekar,bekaar
bekhvass,bakwas
bentii,benti
benty,benti
besaram,besharm
beshrm,besharm
besti,bestie
bethabanda,betha banda
betian,betiyan
betiya,betiyan
bevkoof,bewakoof
bevkuff,bewakoof
bewkof,bewakoof
bewkuf,bewakoof
bezti,bezati
beztii,bezati
beztyy,bezati
bgrang,bajrang
bhagwan,bhagwaan
bhagwnt,bhagwant
bhaifrom,bhai from
bhaii,bhai
bhgwan,bhagwaan
bholtejaoge,bholte jaoge
bhonkdaa,bhonkda
bhonkdey,bhonkde
bhounke,bhonke
bibba,biba
bikaar,bekar
bilkl,bilkul
bilkol,bilkul
bilkull,bilkul
billkul,bilkul
bimri,bimari
bizli,bijli
bjay,bjae
bjrng,bajrang
bkvas,bakwaas
bkwaas,bakwaas
bkwas,bakwaas
blemm,blame
bles,bless
bless,bless
blessed,blessed
blessedlove,blessed love
blessing,blessing
blowingbhut,blowing bhut
bnaa,bna
bndaa,bnda
bndda,bnda
bndde,bnde
bndeya,bndea
bndr,bandar
bndrr,bandar
bnn,ban
bodygad,bodyguard
bohindu,bo hindu
boht,bahaut
bohut,bahaut
bolanslya,bolan saleya
boldaodey,bolda ode
boldha,bolda
boleya,bolea
bolna,aa olna
bolnaa,bolna
bolnasanu,bolna saanu
bolyea,bolya
borther,brother
borthers,brothers
bouhat,bahaut
bouht,bahaut
bout,bahaut
braar,brar
brabr,braber
braykup,breakup
breber,braber
broo,bro
brothersada,brother sada
bru,bro
bruv,bro
buhat,bahaut
buht,bahaut
buhut,bahaut
bukvaas,bakwaas
bulkul,bilkul
bulshit,bullshit
buraa,bura
burri,buri
bycot,boycot
bykot,boycot
calass,class
capitan,captain
captan,captain
captian,captain
captin,captain
chahahidiarighttuci,chahidi a right tuci
chaheede,chahida
chahiyey,chahiye
chakr,chakkar
chalke,chal ke
challange,challenge
chanal,channel
chaneel,channel
chanel,channel
changebande,change bande
chanl,channel
chanle,channel
channa,aa hanna
channal,channel
channel,channel
channels,channels
chardikalan,chardikala
chardikalla,chardikala
chardikallah,chardikala
chardikla,chardikala
chauhanwaleya,chauhan waleya
chennal,channel
chennel,channel
chennl,channel
chij,cheej
chijj,cheej
chjj,chj
chnela,channel
chudwaogey,chudwao gey
chutie,chutiya
chutiya,chutiya
chutiyaa,chutiya
chutiyapa,chutiya
chutiye,chutiya
chutya,chutiya
coat,comments
coment,comment
comenta,comments
commantkro,comment karo
commentkapil,comment kapil
commet,comment
contect,contact
conusalr,counsellor
coronabne,corona bne
coronaviras,coronavirus
countrys,countries
daughtersister,daughter sister
dekhdea,dekhde
dekhiea,dekhia
dekhonda,dekh onda
delho,delhi
deparmt,department
derabassi,dera bassi
dhakan,dhakkan
dhanyvaad,dhanyawaad
dialog,dialogue
dialouge,dialogue
dilhit,diljit
dilli,delhi
dilouge,dialogue
dimagg,dimaag
dimak,dimaag
docter,doctor
docterr,doctor
doctra,doctors
dother,daughter
doughter,daughter
dukan,dukaan
dungachutha,dunga chutha
duniaa,dunia
duniea,dunia
duniya,dunia
duniyan,dunia
dunya,dunia
dunyaa,dunia
dushmni,dushmani
dusmani,dushmani
dyan,dyaan
everyoneplz,everyone please
falsebcoz,false because
fark,farak
favorite,favourite
favourate,favourite
fayada,fayda
fayida,fayda
fellinga,feeling
fellings,feelings
fermer,farmer
fikar,fikr
fiker,fikr
filam,film
firdaa,firda
fmily,family
fmlys,families
forgivness,forgiveness
fudda,fuddu
fuddi,fuddu
fuddr,fuddu
fuddu,fuddu
fuddua,fuddu
fudduan,fuddu
fudduo,fuddu
fudduu,fuddu
fudduya,fuddu
fudduyo,fuddu
fude,fuddu
fudhu,fuddu
fudhuaa,fuddu
fudi,fuddu
fudiaa,fuddu
fudoo,fuddu
fudu,fuddu
fudua,fuddu
fudui,fuddu
fuduo,fuddu
fudupuna,fuddu
fudus,fuddu
fudutu,fuddu
fuduu,fuddu
fuduya,fuddu
fuduyo,fuddu
fufar,fuddu
fuhdu,fuddu
fuk,fukra
fukar,fukra
fukerpanti,fukra
fukk,fukra
fukkra,fukra
fukra,fukra
fukraa,fukra
fukre,fukra
fukrey,fukra
fukri,fukra
fukria,fukra
fukriana,fukra
fukrii,fukra
fukrpunaa,fukra
fukrpune,fukra
fukrraa,fukra
fukrrii,fukra
fukry,fukra
fukrya,fukra
fuuddu,fuddu
fuudduu,fuddu
gahintt,ghaint
gangrap,gangrape
gangsta,gangster
gangstar,gangster
gangster,gangster
gangsters,gangster
gangstra,gangster
godbless,god bless
gurdavare,gurudwaara
gurdawara,gurudwaara
gurdawre,gurudwaara
gurdwara,gurudwaara
gurdwaraya,gurudwaara
gurdware,gurudwaara
gurdwaron,gurudwaara
gurdwary,gurudwaara
gurudawaryia,gurudwaara
guruduware,gurudwaara
gurudwara,gurudwaara
gurudware,gurudwaara
gurudwarw,gurudwaara
gusa,gussa
gusaa,gussa
guss,gussa
gussa,gussa
gussaa,gussa
gusse,gussa
guybakavas,guy bakwaas
hahaha,haha
hahahah,haha
hahahaha,haha
hahahahaah,haha
hahahahah,haha
hahahahaha,haha
hahahahahaa,haha
hahahahahaha,haha
hahahahahahahaha,haha
hahahahahahhaa,haha
hahahahahhqha,haha
hahahha,haha
haiaap,hai aap
haiakaal,hai akaal
haicaptn,hai captian
haichaar,hai chaar
haidoosra,hai doosra
haikeve,hai keve
hailokan,hai lokan
haimenu,hai menu
hainaur,hain aur
haipar,hai par
haiplease,hai please
haiwaheguru,hai waheguru
hathiare,hatheyar
hathyar,hatheyar
hazur,hazoor
hazuri,hazoor
hgalat,h galat
hhimmati,h himmati
himmati,himmat
himmet,himmat
himmt,himmat
himmtt,himmat
himt,himmat
hindhu,hindu
hisab,hisaab
hissab,hisaab
hlp,help
hmare,humare
hmasha,humesha
hmesa,humesha
hmesha,humesha
hogafayda,hoga fayda
honaapkithehoaap,hon aap kithe ho aap
hoshla,hosla
hospitalan,hospital
hovegaraab,hove garaab
hraam,haram
hraami,haram
hram,haram
hrami,harami
hramjaade,haramjaade
hramzade,haramjaade
hsptl,hospital
hukam,hukum
hundaa,hunda
hundaah,hunda
hundabaki,hunda baki
hundabut,hunda but
hundakaun,hunda kaun
hundamasoom,hunda masoom
hundeeda,hunde eda
hundelove,hunde love
hundey,hunde
hundeya,hunde
hundi,hundi
hundia,hundi
hundian,hundi
hundiya,hundi
idhr,idhar
ignor,ignore
ijat,ijjat
ijt,ijjat
ikathee,ikathe
ikethe,ikathe
ikhathe,ikathe
ikkathi,ikathe
ilaaz,ilaaj
inbaatoon,in baaton
insan,insaan
insana,insaan
insaniant,insaaniyat
insaniat,insaaniyat
insaniyat,insaaniyat
intervew,interveiw
intervews,interveiw
interview,interveiw
interviewer,interveiw
interviewjonny,interveiw
interviews,interveiw
interviu,interveiw
interwieu,interveiw
intrvw,interveiw
intrwiew,interveiw
isnal,is naal
istemaal,istamal
itervew,interveiw
ithaas,itihaas
itihas,itihaas
jagahwaheguru,jagah waheguru
jandafukri,janda fukri
jarurat,jaroorat
jaruri,jaroori
jarurt,jaroorat
jaruur,jaroor
jathebandiya,jathe bandiya
jaugaasuprbb,jaugaa superb
jecket,jacket
jendabad,jindabad
jhoot,jhooth
jhoota,jhooth
jhooth,jhooth
jhootha,jhooth
jhoothe,jhooth
jhoothi,jhooth
jhoothia,jhooth
jhot,jhooth
jhote,jhooth
jhotth,jhooth
jhuth,jhooth
jhutha,jhooth
jhuthe,jhooth
jhutt,jhooth
jhutthe,jhooth
jiada,ji ada
jiadaa,ji adda
jiaundi,ji aundi
jibahut,ji bahaut
jibaki,ji baki
jibut,ji but
jida,ji da
jidan,jidaan
jidhamki,ji dhamki
jigraa,jigra
jindabaad,jindabad
jindabad,jindabad
jindaband,jindabad
jindavaad,jindabad
jindgi,jindagi
jindgiya,jindagi
jiondi,ji ondi
jiondyea,ji ondyea
jioundi,ji oundi
jiowaheguruj,ji waheguruji
jirhe,ji rahe
jiwaheguru,ji waheguru
jiyada,jayada
joot,jhooth
jootha,jhooth
joottha,jhooth
jutha,jhooth
juthe,jhooth
juthi,jhooth
kaint,ghaint
kaintt,ghaint
kanjarbadlan,kanjar badlan
kaptain,captain
kapten,captain
karofudu,karo fuddu
karona,corona
kartoota,kartootan
kartotan,kartootan
keptan,captain
khansatinder,khan satinder
zroor,zaroor
zroorat,zaroorat
zrur,zaroor
zundabaad,jindabad
zyada,jayada
zyda,jayada
